source,destination,train_type,train_class,price,duration_minutes,available_seats,total_seats
Bhopal,New Delhi,Superfast,3A,1250,800,48,72
Bhopal,New Delhi,Express,3A,1180,760,31,72
Bhopal,New Delhi,Rajdhani,2A,1850,660,22,54
Bhopal,Mumbai,Superfast,3A,1350,860,39,72
Bhopal,Mumbai,Express,SL,620,795,55,72
Bhopal,Indore,Superfast,CC,750,305,43,78
Bhopal,Indore,Intercity,CC,680,315,61,78
Bhopal,Jabalpur,Superfast,3A,890,375,36,72
Bhopal,Jabalpur,Intercity,CC,720,375,49,78
Bhopal,Chennai,Rajdhani,2A,2350,1350,18,54
Bhopal,Chennai,Superfast,3A,1680,1760,27,72
Bhopal,Jaipur,Express,3A,1320,795,42,72
Indore,New Delhi,Superfast,3A,1450,900,35,72
Indore,Mumbai,Express,SL,580,720,52,72
Indore,Bhopal,Intercity,CC,680,315,58,78
Jabalpur,Bhopal,Superfast,3A,890,375,40,72
Jabalpur,New Delhi,Express,3A,1380,900,29,72
Jabalpur,Mumbai,Superfast,3A,1550,1080,24,72
New Delhi,Bhopal,Superfast,3A,1250,800,45,72
New Delhi,Bhopal,Rajdhani,2A,1850,660,20,54
New Delhi,Indore,Superfast,3A,1450,900,33,72
New Delhi,Jabalpur,Express,3A,1380,900,38,72
New Delhi,Jaipur,Superfast,CC,650,300,57,78
Mumbai,Bhopal,Superfast,3A,1350,860,41,72
Mumbai,Bhopal,Express,SL,620,795,49,72
Mumbai,Indore,Express,SL,580,720,46,72
Mumbai,Jabalpur,Superfast,3A,1550,1080,26,72
Jaipur,Bhopal,Express,3A,1320,795,37,72
Jaipur,New Delhi,Superfast,CC,650,300,62,78
Chennai,Bhopal,Rajdhani,2A,2350,1350,16,54
Chennai,Bhopal,Superfast,3A,1680,1760,30,72
